<?xml version="1.0" encoding="UTF-8"?>
<project-private xmlns="http://www.netbeans.org/ns/project-private/1">
    <editor-bookmarks xmlns="http://www.netbeans.org/ns/editor-bookmarks/2" lastBookmarkId="0"/>
    <open-files xmlns="http://www.netbeans.org/ns/projectui-open-files/2">
        <group>
            <file>file:/D:/Dev/Project/Java/PRO192/workshops/3/workshop_3/Part3/src/data/Guitar.java</file>
            <file>file:/D:/Dev/Project/Java/PRO192/workshops/3/workshop_3/Part3/src/tester/Tester.java</file>
        </group>
    </open-files>
</project-private>
