<?xml version="1.0" encoding="UTF-8"?>
<project-private xmlns="http://www.netbeans.org/ns/project-private/1">
    <editor-bookmarks xmlns="http://www.netbeans.org/ns/editor-bookmarks/2" lastBookmarkId="0"/>
    <open-files xmlns="http://www.netbeans.org/ns/projectui-open-files/2">
        <group/>
        <group name="Project">
            <file>file:/D:/Dev/Project/Java/PRO192/workshops/4/workshop_4/ItemManager/src/DTO/Vase.java</file>
            <file>file:/D:/Dev/Project/Java/PRO192/workshops/4/workshop_4/ItemManager/src/DTO/Item.java</file>
            <file>file:/D:/Dev/Project/Java/PRO192/workshops/4/workshop_4/ItemManager/src/DTO/Painting.java</file>
            <file>file:/D:/Dev/Project/Java/PRO192/workshops/4/workshop_4/ItemManager/src/GUI/AntiqueShop.java</file>
            <file>file:/D:/Dev/Project/Java/PRO192/workshops/4/workshop_4/ItemManager/src/DTO/Statue.java</file>
            <file>file:/D:/Dev/Project/Java/PRO192/workshops/4/workshop_4/ItemManager/src/DTO/Menu.java</file>
        </group>
    </open-files>
</project-private>
